{"schemaVersion":"1.0","appDefinitionTemplate":{"id":"/providers/Microsoft.PowerApps/apps/","type":"Microsoft.PowerApps/apps","tags":{"primaryDeviceWidth":"1366","primaryDeviceHeight":"768","sienaVersion":"b2f5fde5-b86b-4f59-81da-d18f3c86a618","deviceCapabilities":"","supportsPortrait":"false","supportsLandscape":"true","primaryFormFactor":"Tablet","publisherVersion":"3.20111.52","minimumRequiredApiVersion":"2.2.0","hasComponent":"false","hasUnlockedComponent":"false","isUnifiedRootApp":"false"},"properties":{"appVersion":"2020-12-20T06:33:27Z","lifeCycleId":"Published","createdByClientVersion":{"major":3,"minor":20111,"build":52,"revision":0,"majorRevision":0,"minorRevision":0},"minClientVersion":{"major":3,"minor":20111,"build":52,"revision":0,"majorRevision":0,"minorRevision":0},"backgroundColor":"rgba(0, 176, 240, 1)","backgroundImageUri":"/5687315244581501173/N2c4b83a3-3db8-4b15-a286-e16171480ac4-N56f81406-f0ef-40e8-b9b8-b5366a133d01-logoSmallFile","displayName":"Lottely_Christmas","description":"","commitMessage":"","appUris":{"documentUri":{"value":"/5687315244581501173/N0e47cdae-38fe-4aba-8596-8410c6134768-Ne879e9f0-a987-4823-ae73-e7ed961d0f65-document.msapp"},"imageUris":[]},"createdTime":"0001-01-01T00:00:00Z","lastModifiedTime":"0001-01-01T00:00:00Z","sharedGroupsCount":0,"sharedUsersCount":0,"icons":{"smallIconUri":"/5687315244581501173/N769d7bae-a9cc-44c6-9cf8-a3b79cb7e92f-N84b73f4f-38ac-4588-8294-6be4cd4cf824-small.png","mediumIconUri":"/5687315244581501173/N5044be32-f81f-4ffd-a8dd-2ff42111e95f-Nfde6d33b-738e-4299-a28e-c9214a097895-medium.png","largeIconUri":"/5687315244581501173/N22d02688-2de5-48f0-a00a-8f2edb33531d-N78f14a66-bc77-4fda-b2ea-cf193c0a3522-large.png","wideIconUri":"/5687315244581501173/Nba4e5a33-3f23-4707-be04-96ddf3f5991c-N5715e5c7-11e4-44be-903d-b595d401aa7b-wide.png"},"connectionReferences":{},"databaseReferences":{},"almMode":"Environment","performanceOptimizationEnabled":true,"canConsumeAppPass":true,"executionRestrictions":{"isTeamsOnly":false,"dataLossPreventionEvaluationResult":{"status":"Compliant","lastEvaluationDate":"2020-12-11T04:54:00.8126276Z","violationDetails":[]}}},"isAppComponentLibrary":false,"appType":"ClassicCanvasApp","appComponents":[]}}